﻿<?xml version="1.0" encoding="UTF-8" standalone="yes"?>
<addon id="repository.LiveTvTuga" name="Repo LiveTvTuga" version="1.1" provider-name="Rui Ferreira">
	<extension point="xbmc.addon.repository" name="repository.LiveTvTuga">
		<info compressed="false">https://raw.githubusercontent.com/RuiFerreir/LiveTvTuga/master/addon.xml</info>
		<checksum>https://raw.githubusercontent.com/RuiFerreir/LiveTvTuga/master/addon.xml.md5</checksum>
		<datadir zip="true">https://raw.githubusercontent.com/RuiFerreir/repository.LiveTvTuga/master/repo/</datadir>
	</extension>
	<extension point="xbmc.addon.metadata">
		<summary>Repo LiveTvTuga</summary>
		<description>Repo LiveTvTuga</description>
		<disclaimer></disclaimer>
		<platform>all</platform>
	</extension>
</addon>